{"cameraMode":{"drawMode":0,"name":"Shaded","section":"Shading Mode"},"sceneLighting":false,"audioPlay":false,"sceneViewState":{"m_AlwaysRefresh":false,"showFog":false,"showSkybox":false,"showFlares":false,"showImageEffects":false,"showParticleSystems":false,"showVisualEffectGraphs":true,"m_FxEnabled":true},"in2DMode":false,"pivot":{"x":-0.03787091374397278,"y":0.7505536079406738,"z":0.055842846632003787},"rotation":{"x":0.1342630535364151,"y":-0.8498018383979797,"z":0.26037415862083437,"w":0.43822041153907778},"size":1.016843318939209,"orthographic":false}